Crop,Symptoms,Expected Disease,Predicted Disease,Severity,Confidence Score,Cause,Match Type,Accuracy (%),Organic Treatment,Chemical Treatment,Immediate Action,Prevention
Apple,"velvety brown-to-olive spots on leaves and fruit, puckering of leaves",Apple Scab,Apple Scab,Moderate,0.98,Venturia inaequalis (fungus),Exact,100.0,"Copper-based fungicides, Sulfur-based sprays, Neem oil","Captan, Myclobutanil, Strobilurin fungicides",Remove and destroy all fallen leaves and infected fruit from the orchard floor to reduce fungal inoculum.,"Prune trees to improve air circulation and sunlight penetration, Apply fungicides during the high-risk period in spring, Rake and dispose of leaf litter in the autumn, Select scab-resistant apple cultivars"
Apple,"blossoms and shoots rapidly turning brown to black, looking scorched or burned, watery ooze on branches",Fire Blight,Fire Blight,Severe,0.98,Erwinia amylovora bacterium,Exact,100.0,"Pruning infected branches well below the visible necrotic tissue, Removal and destruction of infected plant debris","Streptomycin or other antibiotic treatments applied during bloom, Copper-based bactericides","Prune out all infected shoots and branches at least 12 inches below the visible 'scorched' area, disinfecting pruning tools with 70% alcohol between every single cut to prevent spread.","Select resistant apple cultivars, Avoid over-fertilization with nitrogen which promotes succulent growth, Maintain proper orchard sanitation, Monitor weather conditions for high humidity and warmth"
Apple,"powdery white growth on shoots and leaves, distortion and folding of leaves, stunted terminal growth",Powdery Mildew,Apple Powdery Mildew,Moderate,0.98,Podosphaera leucotricha (fungus),Exact,100.0,"Neem oil application, Sulfur-based organic sprays, Potassium bicarbonate solutions, Milk-based foliar sprays","Myclobutanil, Fenarimol, Sulfur-based fungicides",Prune and destroy heavily infected shoots and leaves to reduce fungal inoculum.,"Ensure proper spacing between trees for better air circulation, Avoid excessive nitrogen fertilization which promotes succulent growth susceptible to infection, Maintain strict orchard sanitation by removing infected plant debris, Plant mildew-resistant apple cultivars"
Avocado,"pale green or yellow wilted leaves, dieback of branches, roots black and brittle with no feeder roots",Phytophthora Root Rot,Phytophthora Root Rot,Severe,0.95,Phytophthora cinnamomi (Oomycete),Exact,100.0,"Improve soil drainage and aeration, Adjust irrigation schedules to prevent waterlogging, Apply beneficial microbes like Trichoderma species to the rhizosphere","Phosphonate-based fungicides (applied via soil drench or trunk injection), Metalaxyl-M",Stop all irrigation immediately and ensure the soil is not saturated to slow the spread of the water mold.,"Plant in well-draining soil or raised beds, Select Phytophthora-resistant avocado cultivars, Maintain proper tree spacing to prevent moisture retention, Avoid soil compaction around the root zone"
Banana,"narrow, dark brown streaks on leaves running parallel to veins, center of streaks turning gray and dying",Black Sigatoka,Banana Xanthomonas Wilt (BXW),Severe,0.92,Xanthomonas fastidiosa bacterium,Mismatch,0.0,"Removal and deep burial or burning of infected plants, Disinfection of tools using 70% ethanol or 10% bleach solution","Copper-based bactericides for surface protection, Strictly controlled use of systemic bactericides (low efficacy)",Roguing: Immediately cut down and burn all symptomatic plants and their pseudostems to contain the spread.,"Use certified disease-free planting material (suckers or tissue culture), Strict tool sanitation between plants, Crop rotation with non-host crops, Strict field hygiene and removal of weeds"
Banana,"progressive yellowing and wilting of older leaves, leaf sheaths splitting at the base, reddish-brown vascular discoloration inside stem",Panama Disease,Fusarium Wilt (Panama Disease),Critical,0.98,Fusarium oxysporum f. sp. cubense (soil-borne fungus),Exact,100.0,"Soil solarization to reduce fungal load, Application of beneficial microbes such as Trichoderma species, Crop rotation with non-host crops","Prochloraz (used for preventative soil management), Soil fumigants (highly restricted and primarily preventative)",Eradicate and burn infected plants and their root systems immediately to prevent the spread of spores through soil and water.,"Plant only resistant cultivars, Implement strict biosecurity and sanitation protocols for tools and footwear, Maintain proper field drainage to prevent waterborne spore movement, Avoid moving soil from infested areas to clean areas"
Banana,"narrow yellow streaks on leaves running parallel to veins, turning brown and drying into large necrotic spots",Yellow Sigatoka,Banana Xanthomonas Wilt (BXW),Severe,0.85,Bacterium Xanthomonas fastidiosa,Mismatch,0.0,"Strict sanitation of farm tools, Removal of symptomatic plant parts, Crop rotation with non-host plants",Copper-based bactericides for preventative application,Eradicate and burn all infected plants and surrounding plant debris immediately to prevent bacterial spread.,"Use of certified disease-free suckers or tissue-cultured plants, Implementing strict farm biosecurity and quarantine, Regular monitoring of plantations, Control of insect vectors"
Barley,"light brown, net-like patterned lesions on leaves, net-type leaf spot",Net Blotch,Net Blotch,Moderate,0.95,Fungal pathogen Pyrenophora teres,Exact,100.0,"Crop rotation with non-cereal species, Use of resistant varieties, Balanced nitrogen application","Triazole fungicides, Strobilurin fungicides",Assess the extent of leaf area affected and apply fungicides if severity increases.,"Rotate crops to break the pathogen life cycle, Select cultivars with resistance to Pyrenophora teres, Avoid high nitrogen levels which can increase susceptibility, Improve field drainage and airflow"
Cabbage,"V-shaped yellow lesions starting from leaf margins, veins inside lesions turning black",Black Rot,Black Rot,Moderate,0.98,Xanthomonas campestris pv. campestris,Exact,100.0,"Copper-based sprays, Biological control agents (e.g., Bacillus subtilis)","Copper hydroxide, Streptomycin (subject to local regulations)",Immediately remove and destroy infected plants and debris to limit pathogen spread.,"Implement a 3-year crop rotation cycle, Use certified disease-free seeds, Ensure proper plant spacing for improved airflow, Use drip irrigation instead of overhead watering to keep foliage dry, Sanitize farming tools between uses"
Cabbage,"stunted growth, yellowing leaves, roots swollen and distorted into club-like shapes",Clubroot,Clubroot,Severe,0.98,Plasmodiophora brassicae (soil-borne protist),Exact,100.0,"Apply lime to increase soil pH to 7.0 or higher, Implement a 3-5 year crop rotation with non-brassica species, Soil solarization during hot summer months",Soil fumigation (consult local regulations and professional guidance),Remove and destroy all infected plants and the immediate surrounding soil; do not compost infected plant material as spores can survive for years.,"Maintain alkaline soil conditions (pH > 7.0), Avoid overwatering and ensure excellent soil drainage, Use certified pathogen-free seeds and seedlings, Clean garden tools thoroughly after working in potentially infested areas"
Canola,"ash-gray lesions with black pepper-like pycnidia on leaves, stem canker near soil line causing lodging",Blackleg,Blackleg,Severe,0.95,Phoma lingam (fungus),Exact,100.0,"Implement a strict crop rotation with non-brassica species, Deep plowing to bury infected crop residue, Increasing plant spacing to improve airflow and reduce humidity","Application of triazole fungicides, Application of strobilurin fungicides during early growth stages",Monitor field for lodging and minimize nitrogen fertilization to prevent excessive canopy density.,"Use of certified resistant canola varieties, Maintain 3-5 year crop rotation cycles, Avoid excessive soil moisture through improved drainage, Minimize mechanical wounding of stems during cultivation"
Cantaloupe,"white powdery fungal spots on leaves and petioles, premature leaf death, sunburned fruit",Powdery Mildew,Powdery Mildew,Severe,0.95,"Fungal pathogens, typically Podosphaera xanthii or Golovinomyces cichoracearum",Exact,100.0,"Neem oil sprays, Potassium bicarbonate applications, Sulfur-based fungicides, Milk-based foliar sprays (ratio of 1:9 milk to water)","Myclobutanil, Azoxystrobin, Fenbuconazole",Prune and carefully remove heavily infected leaves to reduce spore dispersal; provide temporary shade to exposed fruit to prevent further sunburn.,"Ensure adequate plant spacing to improve airflow, Avoid overhead irrigation to prevent excessive leaf moisture, Plant resistant cultivars, Practice crop rotation to break the fungal life cycle, Maintain proper nitrogen levels to prevent overly lush, susceptible growth"
Carrot,"dark brown, water-soaked spots on leaf margins, yellowing and curling of leaf segments",Alternaria Leaf Blight,Alternaria Leaf Blight,Moderate,0.88,Fungal pathogen Alternaria dauci,Exact,100.0,"Copper-based fungicides, Neem oil spray, Biological control agents like Bacillus subtilis","Chlorothalonil, Mancozeb, Azoxystrobin",Prune and remove heavily infected foliage immediately; avoid overhead watering to prevent spore dispersal; increase airflow around plants.,"Implement a 3-year crop rotation cycle, Use certified disease-free seeds, Avoid excessive nitrogen fertilization which promotes lush, susceptible growth, Ensure proper plant spacing to improve ventilation"
Cassava,"brown leaf spots with distinct borders, premature defoliation in lower canopy",Brown Leaf Spot,Cercospora Leaf Spot,Moderate,0.88,Fungal pathogen Cercospora species,Partial,0.0,"Removal and destruction of infected plant debris, Application of neem oil, Crop rotation with non-host species","Copper-based fungicides, Mancozeb applications",Prune and destroy heavily infected lower leaves to reduce spore concentration and improve canopy airflow.,"Use of certified disease-free stem cuttings, Maintaining optimal plant spacing to promote air circulation, Avoiding overhead irrigation to minimize leaf wetness, Implementing regular field sanitation"
Cassava,"angular, water-soaked leaf spots, wilting and defoliation, gum exudate on stems",Cassava Bacterial Blight,Cassava Bacterial Blight (CBB),Severe,0.95,Xanthomonas axonopodis pv. manihotis,Exact,100.0,"Roguing and destruction of infected plants, Use of disease-free stem cuttings, Crop rotation with non-host crops","Application of copper-based bactericides, Streptomycin-based bactericides (subject to local regulations)",Immediately remove and burn all plants showing symptoms of gum exudate and leaf spots to prevent bacterial spread via wind and rain.,"Use certified, pathogen-free planting materials, Implement strict field sanitation and hygiene, Avoid excessive nitrogenous fertilization which promotes succulent growth susceptible to bacteria, Improve plant spacing to enhance airflow and reduce humidity"
Cassava,"bright yellow mosaic patches on leaves, leaf distortion and curling, stunted growth",Cassava Mosaic Disease,Cassava Mosaic Disease (CMD),Severe,0.98,Begomoviruses (Gemini viruses) transmitted by the whitefly (Bemisia tabaci).,Exact,100.0,"Rogueing: Immediate removal and destruction of infected plants, Use of disease-free stem cuttings, Intercropping with non-host plants to reduce whitefly movement","Application of systemic insecticides (e.g., Imidacloprid) to control whitefly vectors, Use of Neem-based sprays as a natural deterrent",Identify and destroy all symptomatic plants immediately to prevent the viral load from spreading to healthy crops via whiteflies.,"Use only certified, virus-free planting materials, Implement strict crop rotation cycles, Planting CMD-resistant cassava varieties, Regular field monitoring for whitefly populations"
Cherry,"small purple spots on leaves that turn brown and drop out, leaving clean shot-holes",Cherry Leaf Spot,Shot Hole Disease,Moderate,0.95,Fungal pathogen Wilsonomyces carpophilus,Mismatch,0.0,"Copper-based fungicides, Neem oil, Pruning of heavily infected limbs","Captan, Mancozeb, Thiram",Sanitize tools after pruning and remove all fallen leaves from the base of the tree.,"Improve air circulation through strategic pruning, Avoid overhead watering to keep leaves dry, Apply dormant copper sprays in late winter, Keep the orchard floor free of fallen fruit and leaves"
Citrus,"raised, corky, brown lesions with oily margins on leaves and fruit, surrounding yellow halos",Citrus Canker,Citrus Canker,Severe,0.98,Xanthomonas citri subsp. citri (bacterium),Exact,100.0,"Copper-based fungicides, Pruning and destruction of infected plant tissue, Removal of symptomatic fruit","Copper hydroxide sprays, Copper oxychloride, Streptomycin (where legally permitted for agricultural use)","Remove and destroy all symptomatic leaves, fruit, and branches immediately to prevent further bacterial spread via wind and rain.","Use only certified disease-free planting material, Control citrus leaf miner populations to prevent entry wounds, Maintain strict sanitation and hygiene in orchards, Avoid wounding tree bark and leaves during pruning or harvesting"
Citrus,"yellow shoots, mottled leaves (asymmetrical chlorosis), small lopsided bitter fruit with green bottom",Citrus Greening,Citrus Greening (Huanglongbing/HLB),Critical,0.98,"Candidatus Liberibacter asiaticus bacterium, transmitted by the Asian citrus psyllid (Diaphorina citri).",Exact,100.0,"Complete removal and destruction of infected trees to prevent further spread, Biological control using parasitoid wasps like Tamarixia radiata to manage psyllid populations","Systemic insecticides (e.g., Imidacloprid or Thiamethoxam) to control the psyllid vector, Copper-based sprays to manage secondary fungal infections",Remove and burn or deeply bury all symptomatic trees immediately to lower the bacterial inoculum in the orchard.,"Procure only certified disease-free nursery stock, Implement rigorous scouting and monitoring for Asian citrus psyllids, Manage alternative citrus hosts, including ornamental citrus and weeds, Maintain proper nutrient management to improve tree vigor against stress"
Citrus,"decay of bark on trunk near ground, amber-colored gum exuding from cracks (gummosis)",Phytophthora Gummosis,Citrus Gummosis,Severe,0.95,Phytophthora species (Oomycetes),Partial,0.0,"Application of copper-based fungicides, Pruning and removal of infected bark/wood, Improving soil aeration and drainage","Phosphonate-based fungicides (e.g., potassium phosphite), Metalaxyl-M applications",Remove all mulch and organic debris from the base of the trunk to ensure the root flare stays dry.,"Maintain proper soil drainage to avoid waterlogging, Avoid physical wounding of the trunk during maintenance, Implement controlled irrigation to prevent excessive moisture near the trunk, Use disease-resistant citrus cultivars"
Cocoa,"brownish-black necrotic lesions on pods (black pod), white powdery mold under humid conditions",Black Pod Disease,Black Pod Disease,Severe,0.95,"Oomycete pathogens, primarily Phytophthora palmivora, which thrive in high humidity and frequent rainfall.",Exact,100.0,"Removal and deep burial of infected pods, Application of copper-based organic fungicides, Use of Trichoderma-based biological control agents","Metalaxyl-M, Fosetyl-Al, Copper oxychloride",Prune infected branches and immediately remove all necrotic pods from the trees and the forest floor to prevent spore dispersal.,"Improve orchard ventilation through strategic pruning, Maintain adequate spacing between trees to reduce humidity, Implement efficient drainage to prevent waterlogged soil, Regularly monitor pods for early signs of discoloration"
Cocoa,"swelling of shoots and stems, mosaic patterns on leaves, red vein banding, vector mealybugs present",Swollen Shoot Virus,Cocoa Swollen Shoot Virus (CSSV),Severe,0.95,Cocoa Swollen Shoot Virus (CSSV) transmitted by mealybug vectors (Pseudococcidae),Exact,100.0,"Biological control of mealybugs using predatory insects such as Cryptolaemus montrouzieri, Application of neem oil to suppress mealybug populations, Strict sanitation and sterilization of pruning tools","Application of systemic insecticides to control mealybug vectors, Use of contact insecticides for localized mealybug outbreaks",Rogue and completely destroy all infected plants and symptomatic surrounding vegetation to prevent further viral spread.,"Use of certified virus-free planting materials, Regular monitoring of orchards for mealybug populations and early symptom detection, Integrated pest management (IPM) to control mealybug vectors, Maintaining orchard hygiene and avoiding movement of infected plant parts"
Coconut,"progressive yellowing and wilting of lower leaves, premature drop of nuts, blackening of bud tissue with foul odor",Bud Rot,Bud Rot,Critical,0.95,Phytophthora palmivora (Oomycete),Exact,100.0,"Application of Bordeaux mixture to the affected bud area, Use of neem-based sprays, Removal and deep burial or burning of infected plant debris","Systemic fungicides containing Metalaxyl or Mancozeb, Copper-based fungicides applied directly to the crown",Carefully excise the necrotic/rotted bud tissue and immediately apply a concentrated fungicide to the exposed tissue to prevent complete crown death.,"Improve field drainage to prevent waterlogging around the root zone, Ensure proper spacing between trees to enhance air circulation, Avoid physical damage to the crown during harvesting or pruning, Regularly monitor the growing point for any discoloration or unusual odors"
Coffee,"sunken, dark brown necrotic spots on berries, causing berry drop and black beans",Coffee Berry Disease,Coffee Berry Disease (CBD),Severe,0.98,Colletotrichum kahawae,Exact,100.0,"Copper-based fungicides, Sanitation of fallen berries, Pruning to increase airflow","Copper oxychloride, Propineb, Azoxystrobin",Remove and destroy all infected berries and berry drop to reduce inoculum levels.,"Maintain adequate spacing between plants, Ensure proper pruning for ventilation, Regular monitoring of berry development, Sanitize tools used during pruning"
Coffee,"orange powdery spots on the undersides of leaves, causing defoliation",Coffee Leaf Rust,Coffee Leaf Rust (Hemileia vastatrix),Severe,0.98,Fungal pathogen Hemileia vastatrix,Exact,100.0,"Copper-based fungicides, Neem oil application, Pruning of heavily infected branches","Copper oxychloride, Propiconazole, Hexaconazole",Prune and remove infected foliage to reduce spore load and improve canopy aeration.,"Cultivate rust-resistant coffee varieties, Ensure proper plant spacing to maximize airflow, Manage fertilization to avoid excessive nitrogen, Maintain field sanitation by removing fallen leaves"
Corn,"leaf flecking, small powdery reddish-brown pustules on both leaf surfaces",Common Rust,Common Rust,Moderate,0.98,Puccinia sorghi (fungus),Exact,100.0,"Crop rotation with non-host crops, Improved plant spacing to enhance airflow, Use of resistant hybrids","Triazole-based fungicides, Strobilurin-based fungicides",Monitor pustule density and apply fungicides immediately if symptoms spread rapidly to prevent significant yield loss.,"Planting disease-resistant corn varieties, Implementing a strict crop rotation schedule, Managing nitrogen fertilization to avoid excessive lush growth, Optimizing planting dates to avoid peak moisture periods"
Corn,"galls on ears, tassels, and leaves that rupture to release black, powdery spores",Corn Smut,Corn Smut,Moderate,0.98,Ustilago maydis (fungus),Exact,100.0,"Removal and destruction of infected plant parts, Crop rotation, Planting resistant varieties","Preventative fungicide applications, Treated seed use",Immediately remove and burn or bury all infected ears and galls to prevent the release of spores.,"Select corn hybrids with resistance to smut, Minimize mechanical injury to corn plants, Practice effective crop rotation, Manage nitrogen levels to prevent excessive plant vigor that attracts infection"
Corn,"narrow gray-to-tan rectangular lesions on leaves running between veins, forming a blocky pattern",Gray Leaf Spot,Gray Leaf Spot,Moderate,0.98,Cercospora zeae-maydis (fungus),Exact,100.0,"Crop rotation with non-host species, Removal or burial of infected crop residue, Utilization of resistant corn hybrids","Fungicides containing Strobilurins, Triazoles, Azoxystrobin-based applications",Monitor field humidity and canopy moisture; apply preventative fungicide if symptoms appear early in the season.,"Rotate crops to break the pathogen life cycle, Avoid excessive nitrogen application which promotes dense, moist canopies, Plant resistant hybrids specifically bred for Gray Leaf Spot resistance, Manage field drainage to reduce moisture retention"
Corn,"long, narrow, tan-colored lesions on leaves running parallel to veins, looks like matchsticks",Northern Corn Leaf Blight,Northern Corn Leaf Blight,Moderate,0.98,Exserohilum turcicum,Exact,100.0,"Crop rotation with non-host crops, Removal and destruction of infected crop residue, Use of resistant corn hybrids","Application of strobilurin-based fungicides, Application of triazole fungicides",Assess the extent of leaf coverage and apply fungicide if the disease is in the early stages of development.,"Planting resistant varieties, Implementing a strict crop rotation schedule, Managing nitrogen fertilization to prevent excessive lush growth, Ensuring proper plant spacing for improved aeration"
Cotton,"angular, water-soaked lesions on leaves, stems (blackarm), and bolls, causing boll rot",Bacterial Blight,Angular Leaf Spot (including Black Arm and Boll Rot),Severe,0.98,Xanthomonas citri pv. malvacearum (bacterium),Mismatch,0.0,"Application of copper-based bactericides, Removal and destruction of infected plant debris, Crop rotation with non-host species","Copper hydroxide sprays, Copper sulfate treatments, Antibiotic-based bactericides (where legally permitted)",Immediately remove and destroy heavily infected plants and debris to prevent further bacterial spread via wind or water splash.,"Plant resistant cotton varieties, Utilize certified pathogen-free seeds, Implement strict crop rotation schedules, Manage irrigation to avoid overhead watering and excessive leaf wetness, Maintain proper plant spacing to improve airflow and reduce humidity"
Cotton,"interveinal yellowing and wilting of leaves, brown discoloration of internal stem/vascular tissues when cut",Fusarium Wilt,Fusarium Wilt,Severe,0.92,"Fungal pathogen Fusarium oxysporum f. sp. vasinfectum which colonizes the plant's xylem, obstructing water transport.",Exact,100.0,"Crop rotation with non-host species (e.g., cereals or legumes), Soil solarization to reduce fungal inoculum, Use of bio-control agents like Trichoderma species","Fungicide soil drenches (preventative use only), Thiophanate-methyl applications",Roguing and destroying all infected plants immediately to prevent the spread of spores through soil and water.,"Planting disease-resistant cotton varieties, Utilizing certified disease-free seeds, Ensuring proper field drainage to avoid waterlogging, Maintaining soil health and avoiding excessive nitrogen fertilization"
Cotton,"interveinal chlorosis, wilting, dark streaks in vascular stem, bronze wilt of leaves",Verticillium Wilt,Fusarium Wilt,Severe,0.95,Fusarium oxysporum f. vasinfectum,Mismatch,0.0,"Soil solarization, Crop rotation with non-host crops, Application of Trichoderma-based bio-fungicides","Thiophanate-methyl, Prochloraz",Roguing and destruction of infected plants to minimize inoculum load.,"Use resistant cultivars, Ensure proper field drainage to prevent anaerobic conditions, Avoid excessive nitrogen fertilization, Implement long-term crop rotation cycles"
Cucumber,"small water-soaked spots on leaves that turn brown and fall out, leaving angular holes, white crust on fruit",Angular Leaf Spot,Downy Mildew,Severe,0.95,Pseudoperonospora cubensis (Oomycete),Mismatch,0.0,"Copper-based fungicides, Neem oil application, Removal of infected plant material","Mancozeb, Metalaxyl, Cyazofamid",Remove and destroy all heavily symptomatic leaves and plants to minimize spore dispersal.,"Use resistant cucumber cultivars, Implement crop rotation with non-host plants, Avoid overhead watering to keep foliage dry, Ensure adequate plant spacing for improved airflow"
Cucumber,"angular chlorotic lesions on upper leaf surfaces, purplish downy mold on leaf undersides",Downy Mildew,Downy Mildew,Moderate,0.98,Pseudoperonospora cubensis,Exact,100.0,"Copper-based fungicides, Bacillus subtilis, Potassium bicarbonate","Mancozeb, Metalaxyl, Cyazofamid",Prune and destroy heavily infected leaves immediately to reduce inoculum load.,"Avoid overhead irrigation to keep foliage dry, Ensure adequate plant spacing for air circulation, Use resistant cucumber cultivars, Implement drip irrigation to manage soil moisture"
Cucumber,"white powdery patches on leaves and stems, leaves yellowing and drying out",Powdery Mildew,Powdery Mildew,Moderate,0.98,"Fungal pathogens, most commonly Podosphaera xanthii or Golovinomyces cichoracearum.",Exact,100.0,"Neem oil spray, Potassium bicarbonate solution, Milk and water mixture (1:9 ratio), Sulfur-based organic fungicides","Myclobutanil, Chlorothalonil, Azoxystrobin",Prune and remove heavily infected leaves to reduce spore load and improve airflow.,"Improve air circulation through proper plant spacing, Avoid overhead irrigation to keep foliage dry, Apply mulch to reduce soil-borne spore splashing, Plant disease-resistant varieties, Maintain optimal humidity levels in greenhouses"
Fig,"small yellow-orange spots on leaves that turn brown, causing leaf drop, rusty appearance on leaf underside",Fig Rust,Fig Rust,Moderate,0.92,Fungal pathogen (typically species within the Pucciniaceae family),Exact,100.0,"Remove and destroy heavily infected leaves, Apply neem oil as a preventative and curative, Use copper-based organic fungicides","Apply myclobutanil-based fungicides, Apply propiconazole-based fungicides",Prune away infected branches and clear all fallen leaves from the base of the plant to prevent spore re-infection.,"Increase spacing between plants to improve airflow, Avoid overhead irrigation to keep foliage dry, Practice proper sanitation by cleaning pruning tools with alcohol, Maintain plant vigor through balanced fertilization"
Garlic,"yellowing and wilting of leaves starting from tips, root decay, pinkish-white mold at stem plate",Fusarium Basal Rot,Neck Rot,Severe,0.92,"Fungal infection caused by Botrytis allii, typically thriving in moist, cool conditions.",Mismatch,0.0,"Remove and burn infected plant material, Improve soil aeration and drainage, Apply beneficial microbes like Trichoderma species","Apply fungicide containing prochloraz, Use thiophanate-methyl during early infection stages",Isolate and destroy all symptomatic plants and debris to prevent fungal spore dispersal.,"Rotate crops with non-Allium species for at least 3 years, Ensure adequate spacing between plants for air circulation, Use certified pathogen-free garlic cloves for planting, Avoid excessive nitrogen application which promotes soft tissue"
Garlic,"white fluffy mycelium at bulb base, tiny black sclerotia on roots, rotting of bulb",White Rot,Allium White Rot,Critical,0.98,Sclerotium cepivorum (fungus),Exact,100.0,"Long-term crop rotation with non-host crops (minimum 7-10 years), Soil solarization to reduce sclerotia density, Complete removal and deep burial of infected plant material","Seed/bulb treatments with fungicides, Soil-applied fungicides (limited efficacy once established)","Immediately remove all infected plants, including roots and surrounding soil, and destroy them via incineration to prevent the spread of sclerotia.","Use only certified pathogen-free garlic cloves/seeds, Sanitize all gardening tools and equipment between uses, Avoid planting Allium species in known infested areas, Ensure proper soil drainage to prevent excess moisture"
Grapevine,"yellowish-green oily spots on upper leaf surfaces, white downy mold growth on lower leaf surfaces",Downy Mildew,Downy Mildew,Moderate,0.98,Plasmopara viticola (Oomycete),Exact,100.0,"Copper-based fungicides, Bacillus subtilis applications, Potassium bicarbonate","Metalaxyl-M, Fosetyl-Al, Mancozeb",Remove and destroy symptomatic leaves and improve canopy ventilation to reduce humidity.,"Ensure proper vine spacing for airflow, Avoid overhead irrigation to prevent leaf wetness, Select resistant cultivars, Implement timely fungicide applications based on disease forecasting models"
Grapevine,"stunted shoots, zig-zag growth, leaf mottling, fan-like leaf deformation, vector nematodes present",Grapevine Fanleaf Virus,Grapevine Fanleaf Virus (GFLV),Severe,0.98,Grapevine Fanleaf Virus (GFLV) transmitted by the dagger nematode (Xiphinema index),Exact,100.0,"Roguing: prompt identification and removal of symptomatic vines, Crop rotation with non-host plants to reduce nematode populations, Soil solarization to reduce nematode density","Application of nematicides to target Xiphinema index, Soil fumigation during vineyard establishment",Identify all infected vines and immediately remove and destroy them (incineration preferred) to prevent further spread by nematode vectors.,"Use only certified virus-free planting material, Implement strict quarantine and movement controls for soil and plant material, Select nematode-resistant rootstocks, Regular monitoring of soil for Xiphinema index presence"
Grapevine,"powdery white-to-gray fungal growth on leaves, shoots, and berries, splitting of berries",Powdery Mildew,Powdery Mildew,Severe,0.98,Erysiphe necator (ascomycete fungus),Exact,100.0,"Sulfur-based fungicides, Potassium bicarbonate, Neem oil, Biological control agent Ampelomyces quisqualis","Myclobutanil, Fenarimol, Azoxystrobin, Tebuconazole",Prune and destroy infected foliage and shoots; apply a curative fungicide to protect remaining healthy tissue.,"Maintain proper canopy management to increase airflow and sunlight penetration, Ensure adequate spacing between vines, Avoid excessive nitrogen fertilization which promotes dense foliage, Select mildew-resistant grape varieties, Regular monitoring and early intervention"
Guava,"dark brown to black necrotic lesions on leaves and fruit, mummification of fruit",Anthracnose,Anthracnose,Severe,0.95,Colletotrichum gloeosporioides,Exact,100.0,"Pruning and destroying infected plant parts, Application of Neem oil, Removal of fallen/mummified fruits","Copper-based fungicides, Mancozeb, Azoxystrobin",Collect and burn all mummified fruits and infected leaf litter to eliminate the fungal source.,"Maintain adequate tree spacing for air circulation, Avoid overhead watering to minimize moisture on leaves and fruit, Sanitize pruning tools regularly, Apply preventative fungicides during the flowering stage"
Lettuce,"irregular chlorotic spots on leaves, turning brown and necrotic, dark brown margins",Anthracnose,Bacterial Leaf Spot,Moderate,0.85,Xanthomonas campestris pv. campestris,Mismatch,0.0,"Manual removal and destruction of infected leaves, Application of copper-based organic-approved sprays, Use of neem oil","Copper-based bactericides, Streptomycin or other antibiotic-based treatments",Remove and destroy all symptomatic plants immediately to prevent the bacterial pathogen from spreading to healthy tissue via water splash or wind.,"Implement a 3-4 year crop rotation cycle, Use only certified pathogen-free seeds, Utilize drip irrigation instead of overhead sprinklers, Ensure adequate plant spacing to improve airflow and reduce humidity"
Lettuce,"water-soaked lesions on lower leaves near soil, fuzzy white mold growth, black sclerotia inside stem",Lettuce Drop,Sclerotinia Stem Rot (White Mold),Severe,0.95,Fungal pathogen Sclerotinia sclerotiorum,Partial,0.0,"Remove and destroy all infected plant debris and sclerotia, Use biological control agents such as Coniothyrium minitans, Improve soil drainage to reduce moisture levels","Apply fungicides containing Boscalid or Fludioxonil, Use preventative fungicide applications if environmental conditions are conducive",Immediately remove and incinerate all symptomatic plants and surrounding vegetation to prevent the dispersal of fungal spores and sclerotia.,"Implement a multi-year crop rotation schedule avoiding brassicas and other susceptible hosts, Use drip irrigation instead of overhead sprinklers to keep foliage dry, Maintain optimal plant spacing to ensure adequate airflow, Manage soil moisture levels to prevent waterlogging"
Mango,"dark, sunken, irregular lesions on leaves, flowers, and fruit, causing blossom drop and post-harvest rot",Anthracnose,Anthracnose,Severe,0.98,Fungal pathogen Colletotrichum gloeosporioides,Exact,100.0,"Neem oil applications, Application of Bacillus subtilis, Pruning of heavily infected branches","Carbendazim, Mancozeb, Azoxystrobin","Remove and destroy all infected leaves, flowers, and fallen fruit to reduce the spore load in the orchard.","Maintain strict orchard sanitation by removing plant debris, Ensure adequate spacing between trees for improved air circulation, Avoid overhead irrigation to prevent moisture retention on foliage, Apply preventative copper-based fungicides during the flowering stage"
Mango,"white powdery growth on flower panicles, flowers turn brown and dry up without setting fruit",Powdery Mildew,Powdery Mildew,Moderate,0.95,Fungal pathogen Oidium mangiferae,Exact,100.0,"Neem oil application, Sulfur-based organic sprays, Potassium bicarbonate","Wettable sulfur, Myclobutanil, Dinocap",Prune and destroy heavily infected flower panicles to reduce spore spread.,"Maintain proper orchard spacing for airflow, Prune canopy to increase sunlight penetration, Avoid excessive nitrogen fertilization which promotes succulent growth, Sanitize orchard tools after use"
Mango,"black, soot-like powdery growth covering leaf and stem surfaces, associated with honeydew from hoppers",Sooty Mold,Sooty Mold,Moderate,0.98,"Secondary fungal growth (Capnodium spp.) facilitated by the presence of honeydew excreted by sap-sucking insects like mango hoppers, aphids, or scale insects.",Exact,100.0,"Neem oil application, Insecticidal soaps, High-pressure water spray to physically remove the fungal layer","Imidacloprid, Acetamiprid, Systemic insecticides to target the insect vector",Wash the foliage to remove the soot and apply a targeted insecticide to control the insect population responsible for the honeydew secretion.,"Monitor for signs of sap-sucking insects, Prune canopy to improve air circulation and sunlight penetration, Maintain orchard hygiene by removing debris that may harbor pests, Regular application of preventative organic oils"
Millet,"deformed, leafy green gall-like heads instead of grains, covered in white downy growth",Downy Mildew,Smut,Severe,0.90,"Fungal infection, typically caused by Ustilago species, which replaces the developing grains with spore-producing masses.",Mismatch,0.0,"Removal and deep burial of infected plant debris, Crop rotation with non-cereal crops, Application of neem oil or bio-fungicides","Seed treatment with Carboxin or Thiram, Foliar application of systemic fungicides",Physically remove and destroy all symptomatic heads to prevent the release of spores into the wind.,"Planting resistant millet varieties, Utilizing certified disease-free seeds, Practicing strict field sanitation, Implementing a 3-4 year crop rotation cycle"
Oats,"elongated, orange-red pustules on leaves and sheaths, rupturing to release powdery spores",Crown Rust,Oat Rust,Severe,0.98,Puccinia avenae (fungal pathogen),Partial,0.0,"Crop rotation with non-host species, Removal and destruction of infected crop residue, Use of resistant oat cultivars","Triazole fungicides (e.g., Tebuconazole), Strobilurin fungicides (e.g., Azoxystrobin)",Apply a targeted fungicide treatment immediately upon detection to prevent spore dispersal.,"Select disease-resistant varieties for planting, Maintain proper plant spacing to increase airflow and reduce humidity, Avoid excessive nitrogen application which promotes lush, susceptible growth, Implement effective weed management to eliminate alternative hosts"
Olive,"peacock-eye spots (dark rings with yellow halos) on leaf surfaces, premature defoliation",Peacock Spot,Peacock Spot,Moderate,0.98,Spilocaea oleagina (fungal pathogen),Exact,100.0,"Copper-based fungicides (e.g., Bordeaux mixture), Pruning for improved canopy airflow, Removal of fallen leaves","Copper hydroxide, Strobilurins, Triazole fungicides",Remove and destroy all fallen leaves and infected debris to reduce the fungal inoculum in the soil and canopy.,"Prune trees to increase light penetration and air circulation within the canopy, Avoid overhead irrigation to prevent moisture accumulation on leaf surfaces, Apply preventative copper sprays during periods of high humidity or in late autumn/early spring"
Onion,"pale yellow or white spots on leaves, purple fuzzy mold on leaf surface during wet weather",Downy Mildew,Botrytis (Gray Mold),Moderate,0.85,"Fungal pathogen Botrytis cinerea, favored by high humidity and leaf wetness",Mismatch,0.0,"Neem oil applications, Copper-based fungicides, Biological control agents like Bacillus subtilis","Chlorothalonil, Azoxystrobin",Prune and destroy all symptomatic leaves to reduce inoculum load.,"Use drip irrigation instead of overhead sprinklers, Maintain proper plant spacing to enhance airflow, Practice 3-year crop rotation, Select resistant onion cultivars"
Onion,"water-soaked leaf spots with purple centers, expanding into large oval lesions with yellow borders",Purple Blotch,Purple Blotch,Moderate,0.95,Alternaria porri (fungus),Exact,100.0,"Apply copper-based fungicides, Use neem oil sprays, Remove and destroy infected plant material","Chlorothalonil, Mancozeb, Azoxystrobin",Remove and destroy the most heavily symptomatic leaves to reduce inoculum load and switch to drip irrigation to keep foliage dry.,"Practice 3-4 year crop rotation, Ensure adequate plant spacing for air circulation, Avoid excessive nitrogen fertilization, Use certified disease-free seeds and transplants"
Papaya,"yellow mosaic patterns on leaves, leaf distortion, dark ringspots on fruit, water-soaked streaks on petioles",Papaya Ringspot Virus,Papaya Ringspot Virus (PRSV),Severe,0.95,"Papaya Ringspot Virus (PRSV), primarily transmitted by aphids (vectors).",Exact,100.0,"Roguing and destruction of infected plants, Removal of alternative weed hosts, Application of neem oil to manage aphid populations","Use of systemic insecticides to control aphid vectors, Application of insecticidal soaps",Immediately uproot and destroy all infected plants and their surrounding debris to minimize the viral load in the area.,"Planting virus-resistant varieties, Using certified virus-free planting material, Integrated Pest Management (IPM) to control aphid populations, Maintaining clean field hygiene by removing weeds"
Papaya,"whitish powdery spots on leaves and fruit, yellowing and premature leaf fall",Powdery Mildew,Powdery Mildew,Moderate,0.95,"Fungal pathogen, typically belonging to the Oidium genus",Exact,100.0,"Neem oil spray application, Potassium bicarbonate solution, Milk-water mixture (1:9 ratio) sprayed on leaves, Sulfur-based organic fungicides","Myclobutanil, Azoxystrobin, Difenoconazole, Sulfur-based wettable powders",Prune and destroy heavily infected leaves and fruit to reduce inoculum load; improve air circulation around the canopy.,"Ensure adequate spacing between plants to promote airflow, Avoid overhead irrigation to minimize moisture-related stress, Maintain optimal nitrogen levels (excess nitrogen can increase susceptibility), Sanitize tools and remove fallen infected debris from the orchard floor"
Peach,"sunken, dark circular spots on fruit with gummy exude, shot-holes on leaves",Bacterial Spot,Bacterial Spot,Severe,0.88,Xanthomonas arboricola pv. pruni (bacteria),Exact,100.0,"Application of copper-based sprays, Sanitary pruning of infected branches, Removal and destruction of all symptomatic plant debris","Streptomycin, Copper-based bactericides, Oxytetracycline",Immediately remove and destroy all infected fruit and leaves to prevent the spread of bacterial ooze and inoculum.,"Avoid overhead irrigation to keep foliage dry, Prune trees to maximize sunlight penetration and airflow, Maintain strict orchard sanitation by removing fallen fruit, Select resistant peach cultivars for planting"
Peach,"thickened, puckered red-to-yellow distorted leaves that curl inward and drop prematurely",Peach Leaf Curl,Peach Leaf Curl,Moderate,0.98,Taphrina deformans (fungus),Exact,100.0,"Pruning heavily infected branches, Sanitation by removing and destroying fallen leaves, Increasing air circulation through pruning","Dormant copper-based fungicide applications, Lime sulfur sprays applied in late autumn or early spring",Sanitize the area by removing and destroying all symptomatic leaf litter to prevent spore buildup.,"Apply preventative dormant sprays before bud swell, Maintain proper orchard spacing for airflow, Avoid excessive nitrogen fertilization, Prune trees to maintain an open structure"
Peanut,"small dark brown spots on upper leaf surfaces, yellow halo surrounding spots, defoliation",Early Leaf Spot,Cercospora Leaf Spot (Early Leaf Spot),Moderate,0.95,Fungal pathogen Cercospora arachidicola,Exact,100.0,"Neem oil spray, Copper-based fungicides, Bacillus subtilis applications","Chlorothalonil, Mancozeb, Azoxystrobin",Prune heavily infected leaves and clear debris from the field to reduce fungal inoculum.,"Plant resistant peanut cultivars, Practice strict crop rotation, Ensure proper plant spacing to improve air circulation, Avoid excessive nitrogen application which promotes lush, susceptible foliage"
Peanut,"circular dark brown spots on lower leaf surfaces, no yellow halo, premature defoliation",Late Leaf Spot,Late Cercospora Leaf Spot,Moderate,0.94,Fungal pathogen Phaeoisariella arachidicola (formerly Cercospora personata),Mismatch,0.0,"Copper-based fungicides, Neem oil applications, Biological control agents like Bacillus subtilis","Chlorothalonil, Azoxystrobin, Tebuconazole",Prune and remove infected lower leaves to reduce the fungal inoculum in the canopy.,"Implement a 2-3 year crop rotation with non-host crops, Plant resistant peanut varieties, Avoid excessive nitrogen fertilization which promotes lush, susceptible growth, Maintain proper plant spacing to improve airflow and reduce humidity in the canopy"
Pear,"bright orange spots on upper leaf surfaces, brown horn-like projections on lower surfaces",Pear Rust,Pear Rust,Moderate,0.98,Gymnosporangium sabinae (fungus),Exact,100.0,"Remove and destroy infected leaves and debris, Prune out heavily infected branches to reduce inoculum, Improve air circulation through proper pruning","Apply copper-based fungicides, Use systemic fungicides such as myclobutanil",Remove and dispose of all symptomatic leaves and fallen debris to prevent further spore spread.,"Identify and remove alternate hosts (primarily Juniper species) from the vicinity, Implement a preventative fungicide spray program in early spring, Ensure proper spacing between trees to enhance airflow"
Pineapple,"leaves turning yellow-red, wilting and dying from tips backward, roots decaying and slipping off easily",Root Rot,Phytophthora Root Rot,Severe,0.92,"Pathogenic oomycetes, most commonly Phytophthora species, which attack the root system in waterlogged conditions.",Exact,100.0,"Enhance soil drainage through raised beds, Application of beneficial fungi such as Trichoderma harzianum, Use of organic compost to improve soil structure","Metalaxyl-M systemic fungicides, Fosetyl-Al, Mefenoxam",Cease all irrigation immediately and implement emergency drainage to reduce soil saturation.,"Use only pathogen-free slips or plantlets, Maintain proper soil aeration and drainage, Crop rotation with non-host plants, Avoid excessive nitrogen fertilization which can promote soft tissue growth susceptible to infection"
Plum,"hard, elongated, curved, pocket-like hollow green galls replacing fruit",Plum Pockets,Plum Fruit Gall,Moderate,0.94,Infestation by the larvae of Gall Midges (Cecidomyiidae),Mismatch,0.0,"Manual removal and destruction of all galled fruit, Pruning and burning of infested twigs or branches, Application of neem oil during the early growing season","Application of Spinosad during the egg-laying period, Use of insecticidal soaps to target larvae",Pick and destroy all symptomatic galled fruit immediately to prevent larvae from maturing and emerging as adults.,"Maintain strict orchard sanitation by removing fallen fruit and debris, Monitor for adult midges in early spring using pheromone or sticky traps, Avoid over-fertilization with nitrogen which can promote succulent growth attractive to midges"
Potato,"dark brown to black lesions on stems (blackleg), rotting of tubers with foul smell",Blackleg,Blackleg,Severe,0.95,"Bacterial infection, primarily caused by Pectobacterium atrosepticum or Dickeya species.",Exact,100.0,"Improve field drainage to reduce soil moisture, Implement long-term crop rotation, Remove and burn infected plant debris","Use certified disease-free seed tubers, Copper-based bactericides (limited efficacy), Seed treatments with specific bactericides",Remove and destroy all infected plants and tubers immediately to prevent further spread through soil and water.,"Use only certified pathogen-free seed potatoes, Avoid excessive nitrogen fertilization, Ensure proper soil aeration and drainage, Rotate crops with non-host species for at least 3 years"
Potato,"concentric ring spots on leaves, dry brown spots on tubers",Early Blight,Early Blight,Moderate,0.95,Alternaria solani (fungus),Exact,100.0,"Copper-based fungicides, Neem oil application, Biofungicides containing Bacillus subtilis","Chlorothalonil, Mancozeb, Azoxystrobin",Remove and destroy infected foliage and tubers to prevent spore dispersal; switch to drip irrigation to keep leaves dry.,"Implement a 3-year crop rotation cycle, Use certified disease-free seed tubers, Maintain proper plant spacing to improve airflow, Avoid excessive nitrogen fertilization which promotes lush, susceptible growth"
Potato,"surface cracks, dry brown necrotic rot inside tubers, white-to-pink mold inside cavities of stored potatoes",Fusarium Dry Rot,Dry Rot (Fusarium Dry Rot),Severe,0.98,"Fungal infection by Fusarium species, most commonly Fusarium sambucinum or Fusarium sporotrichioides.",Exact,100.0,"Remove and destroy all infected tubers immediately, Improve airflow and ventilation in storage facilities, Maintain low relative humidity in storage environments","Pre-harvest fungicide applications (e.g., Fludioxonil) if permitted by local regulations, Post-harvest fungicide treatments for commercial storage",Isolate all symptomatic tubers and reduce storage temperature and humidity to slow fungal proliferation.,"Use certified, disease-free seed potatoes, Avoid mechanical injury to tubers during harvest to prevent entry points, Implement crop rotation with non-host crops, Ensure proper curing of tubers before long-term storage, Maintain soil health and moisture levels to prevent plant stress"
Potato,"concentric cracking of tubers, network of dry brown rot, foliage wilting and drying prematurely",Verticillium Wilt,Fusarium Dry Rot,Severe,0.88,"Fungal pathogen, primarily Fusarium species such as Fusarium sambucinum or Fusarium solani",Mismatch,0.0,"Crop rotation with non-host plants like cereals or grasses, Application of organic matter to improve soil structure and microbial competition, Soil solarization to reduce fungal inoculum","Fungicides containing Fludioxonil for seed treatment, Mancozeb or Chlorothalonil applications to protect foliage",Immediately remove and destroy all infected tubers and symptomatic foliage to prevent further spore spread; avoid composting infected material.,"Use only certified, disease-free seed tubers, Minimize mechanical wounding of tubers during harvesting, Optimize soil drainage to prevent excessive moisture, Maintain proper nutrition to reduce plant stress"
Rice,"wavy-margined lesions starting from leaf tips, turning yellow-brown, bacterial ooze droplets in morning",Bacterial Leaf Blight,Bacterial Leaf Blight,Severe,0.98,Xanthomonas oryzae pv. oryzae (bacterium),Exact,100.0,"Application of Bacillus subtilis-based bio-fungicides, Copper-based organic sprays, Use of neem-based bactericides","Streptomycin sulfate, Kasugamycin, Copper hydroxide",Remove and destroy infected leaf debris and maintain field drainage to prevent bacterial spread through water.,"Plant resistant rice varieties, Avoid excessive use of nitrogenous fertilizers, Practice crop rotation, Ensure proper spacing to improve aeration, Manage irrigation to minimize water splashing onto leaves"
Rice,"linear brown spots on leaves, stunted growth, empty grains",Brown Spot,Bacterial Leaf Streak,Severe,0.88,Xanthomonas oryzae pv. oryzae,Mismatch,0.0,"Copper-based fungicides, Removal of infected crop residue, Application of beneficial microbes like Bacillus subtilis","Streptomycin sulfate, Oxytetracycline, Copper hydroxide",Isolate affected areas and remove/burn heavily infected leaves to prevent bacterial spread via wind and water.,"Use resistant rice cultivars, Avoid excessive nitrogenous fertilization, Implement proper field drainage and water management, Use certified, pathogen-free seeds"
Rice,"spindle-shaped lesions with gray-white centers and brown borders on leaves, lodging of plants",Rice Blast,Rice Blast,Severe,0.98,Fungal pathogen Magnaporthe oryzae,Exact,100.0,"Crop rotation with non-host plants, Application of bio-control agents such as Trichoderma, Balanced nitrogen management to avoid lush growth","Tricyclazole, Azoxystrobin, Isoprothiolane",Reduce nitrogen fertilization and apply a systemic fungicide immediately to contain the lesion spread.,"Select and plant resistant rice varieties, Avoid over-application of nitrogenous fertilizers, Maintain optimal field drainage and water management, Use disease-free, certified seeds"
Rice,"stunted growth, pencil-like white galls or 'onion leaf' appearance on leaves, midge vector present",Rice Gall Midge,Rice Gall Midge,Severe,0.98,Larvae of the rice gall midge (Orseolia oryzae),Exact,100.0,"Removal of infected plants (roguing), Planting resistant cultivars, Synchronous planting of rice crops","Application of systemic insecticides like Fipronil, Application of Chlorpyrifos during peak infestation periods",Identify and remove all plants showing 'onion leaf' symptoms immediately to prevent larvae from completing their life cycle.,"Use of resistant varieties, Avoid excessive use of nitrogenous fertilizers, Timely sowing of crops, Field sanitation"
Rose,"circular black spots on leaves, surrounding leaf tissue turns yellow and falls off",Black Spot,Black Spot (Diplocarcon rosae),Moderate,0.98,Fungal pathogen Diplocarcon rosae,Exact,100.0,"Neem oil application, Baking soda and horticultural oil spray, Potassium bicarbonate","Fungicides containing tebuconazole, Myclobutanil-based sprays, Sulfur-based fungicides",Remove and destroy all infected leaves and prune away heavily affected canes to reduce spore load.,"Ensure adequate spacing between plants for air circulation, Water at the base of the plant to keep foliage dry, Apply mulch to prevent soil-borne spores from splashing onto leaves, Choose disease-resistant rose varieties"
Rose,"powdery white fungal growth on leaves, buds, and stems, distortion of young leaves",Powdery Mildew,Powdery Mildew,Moderate,0.98,"Fungal pathogen, most likely Podosphaera pannosa",Exact,100.0,"Neem oil spray, Potassium bicarbonate solutions, Milk and water mixture (1:9 ratio), Sulfur-based organic fungicides","Myclobutanil, Tebuconazole, Trifloxystrobin","Prune and remove all infected leaves, stems, and buds to reduce spore load, ensuring tools are sanitized between cuts.","Increase spacing between plants to improve air circulation, Avoid overhead watering; water at the base of the plant, Ensure plants receive at least 6-8 hours of sunlight daily, Remove fallen leaves from the base of the plant"
Rye,"dark, hard, spur-like sclerotia replacing grains in the spike/ear",Ergot,Ergot,Severe,0.99,Claviceps purpurea (fungus),Exact,100.0,"Crop rotation with non-host crops, Mechanical removal of sclerotia-bearing spikes, Weed management to eliminate alternate hosts","Fungicide seed treatments, Fungicide applications during the flowering period",Remove and destroy all infected plant material and sclerotia to prevent spore dispersal.,"Avoid planting in fields with high sclerotia residue, Use certified disease-free seeds, Maintain strict crop rotation schedules, Minimize weed populations near the field"
Sorghum,"reddish-purple or tan spots on leaves, elongated necrotic lesions with red borders",Anthracnose,Anthracnose,Moderate,0.92,Colletotrichum graminicola,Exact,100.0,"Crop rotation with non-host species, Removal and destruction of infected crop residues, Planting resistant sorghum varieties","Azoxystrobin, Propiconazole, Mancozeb",Isolate and destroy infected plants and debris to prevent spore dispersal.,"Use certified disease-free seeds, Optimize nitrogen application to prevent excessive canopy density, Manage irrigation to minimize leaf wetness duration, Practice field sanitation"
Soybeans,"rust-colored pustules on the underside of leaves, premature defoliation",Asian Soybean Rust,Soybean Rust,Severe,0.98,Fungal pathogen Phakopsora pachyrhizi,Partial,0.0,"Copper-based fungicides, Biological control agents such as Bacillus subtilis, Removal of infected plant debris","Triazoles, Strobilurins, SDHIs (Succinate Dehydrogenase Inhibitors)",Apply a fungicide treatment immediately to prevent further spore dispersal and reduce premature defoliation.,"Planting resistant soybean varieties, Regular field scouting and monitoring, Managing planting dates to avoid high-pressure periods, Maintaining field sanitation"
Soybeans,"brownish-red necrotic spots with yellow halos on leaves, defoliation in lower canopy",Brown Spot,Corynespora leaf spot,Moderate,0.92,Fungal pathogen Corynespora cassiicola,Mismatch,0.0,"Copper-based fungicides, Biofungicides containing Bacillus subtilis","Triazoles (e.g., tebuconazole), Strobilurins (e.g., azoxystrobin), SDHI fungicides",Reduce canopy humidity and avoid overhead irrigation to limit spore dispersal.,"Crop rotation with non-host crops, Use of resistant soybean cultivars, Optimize plant spacing for better airflow, Sanitize equipment to prevent pathogen spread"
Soybeans,"yellowing of leaf margins in a V-shape, stunted growth, cyst nematodes on roots",Soybean Cyst Nematode,Soybean Cyst Nematode (SCN),Severe,0.98,"Infection by the parasitic nematode Heterodera glycines, which causes root necrosis and impairs the plant's ability to uptake water and nutrients.",Exact,100.0,"Crop rotation with non-host species such as corn, wheat, or small grains, Selection and planting of SCN-resistant soybean cultivars, Incorporation of organic matter to enhance soil biological activity","Application of nematicides containing fluopyram (if permitted by local regulations), Soil fumigation in high-value localized areas",Perform a quantitative soil and root sample test to determine the nematode population density (eggs per cm³) to guide management decisions.,"Strict cleaning of agricultural machinery to prevent the spread of infested soil, Long-term crop rotation strategies to break the nematode life cycle, Continuous monitoring of soil nematode populations, Avoidance of excessive nitrogen fertilization which can sometimes exacerbate SCN damage symptoms"
Spinach,"yellow or chlorotic spots on upper leaf surface, purplish-gray downy fungal growth on underside",Downy Mildew,Downy Mildew,Moderate,0.98,Oomycete pathogen Peronospora farinosa,Exact,100.0,"Copper-based fungicides, Biological control agents such as Bacillus subtilis, Removing and destroying highly infected plant tissue","Mancozeb, Metalaxyl-M, Cyazofamid",Remove and destroy infected leaves immediately and switch to drip irrigation to keep foliage dry.,"Plant resistant cultivars, Improve plant spacing to enhance airflow, Avoid overhead watering to minimize leaf moisture, Implement crop rotation with non-host plants, Ensure proper soil drainage"
Squash,"wilting of individual leaves during day, rapid collapse of entire vine, white sticky ooze when stem is cut and squeezed",Bacterial Wilt,Gummy Stem Blight,Critical,0.95,Didymella bryoniae (fungus),Mismatch,0.0,"Copper-based fungicides, Bacillus subtilis-based biofungicides, Removal of infected plant debris","Chlorothalonil, Mancozeb, Azoxystrobin",Uproot and destroy the entire infected plant and all surrounding organic debris immediately; do not compost the infected material.,"Rotate crops with non-cucurbit species for at least 3 years, Avoid overhead irrigation to keep foliage dry, Ensure adequate plant spacing to improve airflow, Use resistant squash varieties, Maintain clean garden tools to prevent spore transfer"
Squash,"mosaic mottling of leaves, blistering, distorted green fruit, stunted vines",Zucchini Yellow Mosaic Virus,Squash Mosaic Virus (SqMV),Severe,0.95,"Squash Mosaic Virus (SqMV), typically transmitted by aphids or through infected seeds.",Partial,0.0,"Remove and destroy all infected plant material immediately., Use insecticidal soaps or neem oil to manage aphid populations., Improve plant vigor through balanced fertilization.","Apply systemic insecticides to control aphid vectors., Use neem-based formulations for soft-bodied insect control.",Rogue (remove and burn) all plants showing symptoms to prevent the virus from spreading to healthy neighboring plants via insect vectors.,"Use only certified disease-free seeds for planting., Implement strict insect management to control aphid vectors., Practice crop rotation to break the life cycle of pathogens., Sanitize garden tools regularly."
Strawberry,"fuzzy gray mold growing on blossoms and fruit, soft rot of berries",Gray Mold,Gray Mold (Botrytis cinerea),Severe,0.98,"The fungal pathogen Botrytis cinerea, which thrives in high humidity, moist conditions, and cool temperatures.",Exact,100.0,"Application of Bacillus subtilis, Copper-based fungicides, Neem oil, Sand or straw mulching to reduce fruit-to-soil contact","Fenhexamid, Fludioxonil, Cyprodinil",Prune and remove all infected blossoms and berries immediately. Do not compost infected material; dispose of it away from the garden.,"Improve air circulation by spacing plants properly, Avoid overhead watering to keep foliage and fruit dry, Remove dead plant matter and debris from the field, Select resistant strawberry cultivars, Manage moisture levels in the soil"
Strawberry,"white powdery growth on leaf undersides, leaves curling upward exposing purplish undersides",Powdery Mildew,Powdery Mildew,Moderate,0.95,Fungal pathogen Podosphaera aphanis,Exact,100.0,"Neem oil, Potassium bicarbonate spray, Sulfur-based organic fungicides, Milk-based foliar spray","Myclobutanil, Fenarimol, Sulfur-based fungicides",Prune and dispose of heavily infected leaves to reduce the fungal spore load.,"Improve air circulation by increasing plant spacing, Avoid overhead watering to keep leaves dry, Use resistant strawberry varieties, Maintain proper nitrogen levels to avoid excessive succulent growth"
Sugarbeet,"circular spots with gray centers and reddish-purple borders on leaves, defoliation of older leaves",Cercospora Leaf Spot,Cercospora Leaf Spot,Moderate,0.95,Cercospora beticola (fungus),Exact,100.0,"Crop rotation with non-host crops, Removal and destruction of infected plant debris, Use of resistant cultivars","Chlorothalonil, Azoxystrobin, Cyproconazole",Apply a targeted fungicide to slow spore production and remove heavily defoliated older leaves to reduce inoculum.,"Rotate crops every 2-3 years to break the fungal life cycle, Avoid excessive nitrogen application which promotes lush, susceptible growth, Maintain proper plant spacing to improve airflow and reduce leaf moisture, Use certified disease-free seeds"
Sugarbeet,"stunted growth, yellowing of leaf tips, excessive branching of roots (hairy root), cyst-like structures on roots",Sugarbeet Cyst Nematode,Sugar beet cyst nematode,Severe,0.98,Heterodera schachtii,Exact,100.0,"Crop rotation with non-host crops such as cereals or grasses, Soil solarization, Use of biological control agents like Paecilomyces lilacinus","Application of nematicides containing fluopyram, Fumigation with methyl bromide (where regulated and permitted)",Isolate the affected area and prevent movement of soil or water to uncontaminated zones.,"Incorporate long-term crop rotation schedules, Plant nematode-resistant cultivars, Ensure clean equipment and footwear when moving between fields, Monitor soil for nematode populations regularly"
Sugarcane,"narrow yellow stripes on leaves running parallel to veins, turning brown and drying out",Leaf Scald,Sugarcane Mosaic Virus (SCMV),Moderate,0.92,"Sugarcane mosaic virus (SCMV), typically transmitted by aphid vectors such as Rhopalosiphum maidis.",Mismatch,0.0,"Roguing and destroying infected plants immediately, Use of disease-resistant sugarcane varieties","Application of aphidicides to control vector populations (e.g., imidacloprid or thiamethoxam)",Identify and remove all symptomatic plants to prevent further spread by aphids.,"Use of certified, virus-free seed cane, Strict control of aphid populations, Proper field sanitation and weed management, Crop rotation with non-host crops"
Sugarcane,"red discoloration in vascular bundles when stem is split open, sour alcoholic smell, white cross bands",Red Rot,Red Rot,Severe,0.98,Colletotrichum falcatum,Exact,100.0,"Use of disease-free, certified seed cane, Crop rotation with non-graminaceous crops, Strict field sanitation and removal of infected debris","Carbendazim, Mancozeb, Copper-based fungicides",Immediately uproot and burn all plants showing symptomatic discoloration to prevent further spore spread.,"Planting resistant varieties, Proper drainage to avoid waterlogging, Avoiding mechanical damage to stalks during planting, Strict inspection of seed cane stocks"
Sugarcane,"long, black, whip-like structure emerging from the growing tip",Sugarcane Smut,Sugarcane Smut,Severe,0.98,Sporisorium scitamineum (fungus),Exact,100.0,"Uprooting and burning of infected plants, Soil solarization in affected areas, Crop rotation with non-graminaceous crops","Seed treatment with systemic fungicides like Carbendazim, Application of fungicides to healthy neighboring plants if outbreak is localized",Immediately uproot and burn all plants exhibiting the black whip structure to prevent the dispersal of teliospores.,"Use of certified disease-free seed cane, Cultivation of resistant sugarcane varieties, Strict field sanitation and cleaning of farm implements, Proper drainage management to reduce plant stress"
Sunflower,"white cottony growth on stem base, wilting of plant, black sclerotia inside stem",Sclerotinia Wilt,Sclerotinia Stem Rot (White Mold),Severe,0.98,Sclerotinia sclerotiorum (fungus),Partial,0.0,"Removal and deep burial of infected plant material, Application of biocontrol agents like Coniothyrium minitans, Crop rotation with non-host species","Fungicide application (e.g., Boscalid, Fludioxonil), Prophylactic fungicide treatment during susceptible growth stages","Remove the infected sunflower plant and all surrounding debris immediately; do not compost, as sclerotia can survive composting.","Crop rotation with non-host crops (e.g., cereals) for at least 2-3 years, Implement proper field drainage to reduce moisture, Avoid excessive nitrogen fertilization which promotes dense canopy and moisture retention, Use resistant sunflower cultivars"
Sweet Potato,"cracked or deformed storage roots, purplish rings on foliage, stunted growth",Feathered Mottle Virus,Sweet Potato Virus Disease (SPVD),Severe,0.88,Synergistic interaction between Sweet Potato Feathery Mottle Virus (SPFMV) and Sweet Potato Chlorotic Stunt Virus (SPCSV),Partial,0.0,"Use of virus-free, healthy vine cuttings (slips), Crop rotation with non-host species, Elimination of alternative weed hosts",Application of systemic insecticides to manage insect vectors like aphids and whiteflies,Roguing and immediate destruction (burning) of all symptomatic plants to prevent further viral spread by insect vectors.,"Use of certified, disease-free planting material, Implementation of Integrated Pest Management (IPM) to control vector populations, Strict sanitation of farming tools and equipment, Regular monitoring of fields for early symptom detection"
Sweet Potato,"stunted growth, yellowing foliage, purplish spots on leaves, white grubs or small black weevils tunneling roots",Sweet Potato Weevil,Sweet Potato Weevil (Cylas formicarius) and Soil-borne Grub Infestation,Severe,0.95,"Infestation of Sweet Potato Weevils and various soil-dwelling larvae (grubs) that tunnel into the root system, causing physical damage to the tubers and disrupting the uptake of water and essential nutrients, which manifests as stunting and foliage discoloration.",Exact,100.0,"Application of beneficial nematodes (e.g., Steinernema spp.) to the soil, Use of Neem oil as a soil drench, Crop rotation with non-host species like corn or small grains, Manual removal and destruction of infested plant parts","Soil application of Imidacloprid, Application of Chlorpyrifos (subject to local regulations), Use of Cyfluthrin for perimeter pest control",Immediately harvest and destroy any visibly damaged tubers and remove all infested plant material from the field to prevent further larval development and adult dispersal.,"Use only certified, pest-free planting slips, Practice strict crop rotation cycles of at least 3 years, Maintain healthy soil structure and moisture levels to discourage certain grub species, Implement regular field scouting for adult weevil emergence"
Tea,"yellowish blisters on leaves that turn white and rupture to release spores, dark brown sunken lesions later",Blister Blight,Blister Blight,Severe,0.95,Exobasidium vexans (fungus),Exact,100.0,"Pruning and removal of infected shoots, Destruction of fallen infected leaves, Improving canopy air circulation","Copper-based fungicides (e.g., Copper oxychloride), Systemic fungicides (e.g., Hexaconazole, Triadimefon), Carbendazim",Prune out heavily infested parts and destroy them far from the plantation to prevent spore dispersal.,"Avoid excessive nitrogenous fertilizer application, Ensure proper spacing for better airflow, Maintain field sanitation by clearing debris, Monitor humidity and rainfall patterns"
Tomato,"sudden wilting of plant without leaf yellowing, white bacterial ooze from cut stems when placed in water",Bacterial Wilt,Bacterial Wilt,Severe,0.98,Ralstonia solanacearum (bacterium),Exact,100.0,"Immediate removal and destruction of infected plants, Soil solarization to reduce bacterial load, Crop rotation with non-host plants like corn or grasses","Copper-based bactericides (preventative only), Soil drenching with specific bactericides (efficacy varies)",Immediately remove and burn all symptomatic plants to prevent the spread of bacteria through soil and water contact.,"Use certified pathogen-free seeds and transplants, Implement strict sanitation and sterilization of gardening tools, Ensure excellent soil drainage to prevent waterlogging, Avoid wounding plant stems during weeding or cultivation, Rotate crops with non-host species for at least 2-3 years"
Tomato,"dark spots with concentric rings on lower leaves, resembling a target",Early Blight,Early Blight,Moderate,0.98,Fungus (Alternaria solani),Exact,100.0,"Copper-based fungicides, Neem oil, Bacillus subtilis-based biological controls","Chlorothalonil, Mancozeb, Azoxystrobin",Prune and remove all infected lower leaves immediately; dispose of them in the trash rather than composting to avoid spreading spores.,"Practice 3-4 year crop rotation with non-solanaceous plants, Apply organic mulch to prevent soil-borne spores from splashing onto foliage, Use drip irrigation instead of overhead watering to keep leaves dry, Ensure adequate plant spacing to promote airflow and reduce humidity"
Tomato,"wilting of one side of plant or leaves, yellowing of foliage, golden brown discoloration of vascular system",Fusarium Wilt,Fusarium Wilt,Severe,0.95,Fusarium oxysporum f. sp. lycopersici,Exact,100.0,"Remove and destroy infected plants, Soil solarization, Improve soil drainage to prevent waterlogging","Prochloraz-based fungicides, Thiophanate-methyl fungicides",Uproot the infected plant and dispose of it away from the garden to prevent spore spread.,"Select tomato varieties with Fusarium wilt resistance (labeled with F), Implement a 3-5 year crop rotation cycle, Sanitize gardening tools between uses, Avoid over-irrigation and excessive nitrogen application"
Tomato,"water-soaked lesions on leaves and fruit, white fuzzy growth under leaves in high humidity, rapid browning and death of foliage",Late Blight,Late Blight,Critical,0.92,Oomycete pathogen Phytophthora infestans,Exact,100.0,"Copper-based fungicides, Bacillus subtilis, Remove and destroy infected plant tissue","Chlorothalonil, Mancozeb, Metalaxyl-M",Remove and destroy all symptomatic plant material immediately; do not compost. Improve air circulation around plants and reduce humidity.,"Plant resistant tomato varieties, Avoid overhead irrigation to keep foliage dry, Ensure adequate plant spacing for airflow, Practice crop rotation, Monitor weather for high humidity and cool temperatures"
Tomato,"yellowing of leaves, leaf curling, stunted growth, whiteflies present",Tomato Yellow Leaf Curl Virus,Whitefly infestation / Tomato Yellow Leaf Curl Virus (TYLCV),Severe,0.90,"Infestation by whiteflies (Bemisia tabaci), which may also be acting as a vector for the Tomato Yellow Leaf Curl Virus.",Partial,0.0,"Application of neem oil, Use of insecticidal soap, Deployment of yellow sticky traps to monitor and catch adults","Application of imidacloprid, Application of acetamiprid",Remove and destroy heavily symptomatic plants to prevent the spread of viruses to healthy plants.,"Use of fine mesh insect netting in greenhouses, Application of reflective mulches to deter whiteflies, Regular monitoring for pest presence, Removal of weed hosts that harbor whiteflies"
Watermelon,"water-soaked lesions on leaves and stems, exuding amber-colored gummy sap, cracking of stem",Gummy Stem Blight,Gummy Stem Blight,Severe,0.95,Didymella bryoniae (fungal pathogen),Exact,100.0,"Copper-based fungicides, Bacillus subtilis-based biofungicides, Neem oil","Azoxystrobin, Mancozeb, Chlorothalonil",Prune and remove heavily infected plant tissue immediately and ensure all debris is destroyed to prevent further spread.,"Implement a 2-3 year crop rotation cycle, Improve plant spacing to enhance airflow and reduce humidity, Use drip irrigation instead of overhead sprinklers to keep foliage dry, Select resistant cultivars, Manage soil moisture to avoid overwatering"
Wheat,"stunted plants, yellowing and mottling of leaves, vector aphids present",Barley Yellow Dwarf Virus,Wheat Yellow Dwarf Virus (WYDV),Severe,0.85,Viral infection transmitted by aphid vectors,Partial,0.0,"Removal and destruction of heavily infected plants, Encouraging natural aphid predators like ladybugs and lacewings","Application of aphidicides (e.g., pyrethroids or neonicotinoids), Systemic insecticides to reduce vector population",Control the aphid population immediately to limit viral transmission.,"Use of virus-free, certified seed lots, Effective weed management to eliminate alternative host plants, Crop rotation with non-host crops, Early monitoring of aphid populations"
Wheat,"bleached spikelets in head/ear, pinkish-orange fungal growth at base of spikelets, shriveled grains",Fusarium Head Blight,Fusarium Head Blight (FHB),Severe,0.98,"Fungal pathogen, most commonly Fusarium graminearum",Exact,100.0,"Crop rotation with non-host species (e.g., legumes), Elimination of infected crop residue from the field, Use of resistant wheat cultivars","Application of triazole-based fungicides (e.g., tebuconazole, prothioconazole) during the anthesis stage","Harvest infected grain separately and test for mycotoxins (e.g., DON) before use or sale.","Maintain proper crop rotation schedules, Optimize planting dates to avoid high moisture during flowering, Reduce residue buildup through tillage, Monitor weather patterns for high humidity and temperature conducive to fungal growth"
Wheat,"small, oval, yellow-to-orange pustules scattered on leaf surfaces",Leaf Rust,Leaf Rust (Puccinia triticina),Moderate,0.95,Fungal pathogen Puccinia triticina,Exact,100.0,"Crop rotation with non-host species, Use of disease-resistant wheat varieties, Removal and destruction of infected plant debris","Triazole-based fungicides (e.g., Tebuconazole), Strobilurin fungicides (e.g., Azoxystrobin)",Reduce canopy moisture and avoid overhead irrigation to prevent spore spreading.,"Planting resistant cultivars, Optimizing nitrogen fertilization to avoid lush, susceptible growth, Practicing effective crop rotation, Early field monitoring during high humidity periods"
Wheat,"black powdery pustules on stems and leaves, ruptured epidermis",Stem Rust,Black Stem Rust,Severe,0.98,Puccinia graminis tritici (fungus),Exact,100.0,"Crop rotation with non-host species, Removal and burning of infected crop residue, Use of resistant wheat varieties","Triazole fungicides, Strobilurin fungicides, Propiconazole",Apply systemic fungicides and minimize moisture in the field to slow spore germination.,"Planting resistant cultivars, Managing nitrogen application to prevent excessive canopy density, Strict sanitation of farm equipment, Monitoring weather patterns for high humidity and warm temperatures"
